{"cameraMode":{"drawMode":0,"name":"Shaded","section":"Shading Mode"},"sceneLighting":true,"audioPlay":false,"sceneViewState":{"showFog":true,"showMaterialUpdate":false,"showSkybox":true,"showFlares":true,"showImageEffects":true,"showParticleSystems":true},"in2DMode":false,"pivot":{"x":390.90869140625,"y":-619.4398193359375,"z":-54.63298034667969},"rotation":{"x":-0.00892105232924223,"y":-0.8416176438331604,"z":0.5398210883140564,"w":-0.013908710330724717},"size":1348.3236083984375,"orthographic":false}